"sequence","lotation_code","lotation_type_code","lotation_type_description","calculation_base","incidence_indicator","remuneration_base","fgts_to_deposit","fgts_notification","rubric_nature"
"1","E00490-001-02A","04","Pessoa Jurídica tomadora de serviços prestados mediante cessão de mão de obra, exceto contratante de cooperativa, nos termos da Lei 8.212/1991","11 - FGTS mensal","1 - Normal (incidência de FGTS)","89909.80","7192.48","-","-"
"1","E00490-001-02A","04","Pessoa Jurídica tomadora de serviços prestados mediante cessão de mão de obra, exceto contratante de cooperativa, nos termos da Lei 8.212/1991","12 - FGTS 13° salário","1 - Normal (incidência de FGTS)","280.78","22.45","-","-"
"1","E00490-001-02A","04","Pessoa Jurídica tomadora de serviços prestados mediante cessão de mão de obra, exceto contratante de cooperativa, nos termos da Lei 8.212/1991","21 - FGTS mês da rescisão","1 - Normal (incidência de FGTS)","2452.89","196.22","-","-"
"1","E00490-001-02A","04","Pessoa Jurídica tomadora de serviços prestados mediante cessão de mão de obra, exceto contratante de cooperativa, nos termos da Lei 8.212/1991","23 - FGTS aviso prévio indenizado","1 - Normal (incidência de FGTS)","2012.00","160.96","-","-"
"1","E00490-001-02A","04","Pessoa Jurídica tomadora de serviços prestados mediante cessão de mão de obra, exceto contratante de cooperativa, nos termos da Lei 8.212/1991","22 - FGTS 13° salário rescisório","1 - Normal (incidência de FGTS)","142.33","11.38","-","-"
"2","E00479-001-02A","04","Pessoa Jurídica tomadora de serviços prestados mediante cessão de mão de obra, exceto contratante de cooperativa, nos termos da Lei 8.212/1991","11 - FGTS mensal","1 - Normal (incidência de FGTS)","124932.46","9994.40","-","-"
"2","E00479-001-02A","04","Pessoa Jurídica tomadora de serviços prestados mediante cessão de mão de obra, exceto contratante de cooperativa, nos termos da Lei 8.212/1991","12 - FGTS 13° salário","1 - Normal (incidência de FGTS)","162.05","12.96","-","-"
"3","E00340-001-02A","04","Pessoa Jurídica tomadora de serviços prestados mediante cessão de mão de obra, exceto contratante de cooperativa, nos termos da Lei 8.212/1991","11 - FGTS mensal","1 - Normal (incidência de FGTS)","556995.32","44558.50","-","-"
"3","E00340-001-02A","04","Pessoa Jurídica tomadora de serviços prestados mediante cessão de mão de obra, exceto contratante de cooperativa, nos termos da Lei 8.212/1991","12 - FGTS 13° salário","1 - Normal (incidência de FGTS)","292.02","23.35","-","-"
"3","E00340-001-02A","04","Pessoa Jurídica tomadora de serviços prestados mediante cessão de mão de obra, exceto contratante de cooperativa, nos termos da Lei 8.212/1991","21 - FGTS mês da rescisão","1 - Normal (incidência de FGTS)","3244.10","259.52","-","-"
"3","E00340-001-02A","04","Pessoa Jurídica tomadora de serviços prestados mediante cessão de mão de obra, exceto contratante de cooperativa, nos termos da Lei 8.212/1991","22 - FGTS 13° salário rescisório","1 - Normal (incidência de FGTS)","308.88","24.70","-","-"
"4","E00335-001-02A","04","Pessoa Jurídica tomadora de serviços prestados mediante cessão de mão de obra, exceto contratante de cooperativa, nos termos da Lei 8.212/1991","11 - FGTS mensal","1 - Normal (incidência de FGTS)","4209968.98","336785.88","-","-"
"4","E00335-001-02A","04","Pessoa Jurídica tomadora de serviços prestados mediante cessão de mão de obra, exceto contratante de cooperativa, nos termos da Lei 8.212/1991","21 - FGTS mês da rescisão","1 - Normal (incidência de FGTS)","12346.06","987.57","-","-"
"4","E00335-001-02A","04","Pessoa Jurídica tomadora de serviços prestados mediante cessão de mão de obra, exceto contratante de cooperativa, nos termos da Lei 8.212/1991","23 - FGTS aviso prévio indenizado","1 - Normal (incidência de FGTS)","5662.49","452.89","-","-"
"4","E00335-001-02A","04","Pessoa Jurídica tomadora de serviços prestados mediante cessão de mão de obra, exceto contratante de cooperativa, nos termos da Lei 8.212/1991","22 - FGTS 13° salário rescisório","1 - Normal (incidência de FGTS)","127.54","10.20","-","-"
"5","E00497-001-02A","04","Pessoa Jurídica tomadora de serviços prestados mediante cessão de mão de obra, exceto contratante de cooperativa, nos termos da Lei 8.212/1991","11 - FGTS mensal","1 - Normal (incidência de FGTS)","432526.61","34601.28","-","-"
"5","E00497-001-02A","04","Pessoa Jurídica tomadora de serviços prestados mediante cessão de mão de obra, exceto contratante de cooperativa, nos termos da Lei 8.212/1991","21 - FGTS mês da rescisão","1 - Normal (incidência de FGTS)","2733.08","218.63","-","-"
"5","E00497-001-02A","04","Pessoa Jurídica tomadora de serviços prestados mediante cessão de mão de obra, exceto contratante de cooperativa, nos termos da Lei 8.212/1991","22 - FGTS 13° salário rescisório","1 - Normal (incidência de FGTS)","296.37","23.70","-","-"
"5","E00497-001-02A","04","Pessoa Jurídica tomadora de serviços prestados mediante cessão de mão de obra, exceto contratante de cooperativa, nos termos da Lei 8.212/1991","12 - FGTS 13° salário","1 - Normal (incidência de FGTS)","509.59","40.75","-","-"
"6","E02013-001-02A","04","Pessoa Jurídica tomadora de serviços prestados mediante cessão de mão de obra, exceto contratante de cooperativa, nos termos da Lei 8.212/1991","11 - FGTS mensal","1 - Normal (incidência de FGTS)","587656.15","47011.11","-","-"
"7","E00238-001-02A","04","Pessoa Jurídica tomadora de serviços prestados mediante cessão de mão de obra, exceto contratante de cooperativa, nos termos da Lei 8.212/1991","11 - FGTS mensal","1 - Normal (incidência de FGTS)","344521.42","27561.02","-","-"
"8","E00410-001-02A","04","Pessoa Jurídica tomadora de serviços prestados mediante cessão de mão de obra, exceto contratante de cooperativa, nos termos da Lei 8.212/1991","11 - FGTS mensal","1 - Normal (incidência de FGTS)","95298.19","7623.70","-","-"
"9","E00314-001-02A","04","Pessoa Jurídica tomadora de serviços prestados mediante cessão de mão de obra, exceto contratante de cooperativa, nos termos da Lei 8.212/1991","21 - FGTS mês da rescisão","1 - Normal (incidência de FGTS)","128443.48","10274.26","-","-"
"9","E00314-001-02A","04","Pessoa Jurídica tomadora de serviços prestados mediante cessão de mão de obra, exceto contratante de cooperativa, nos termos da Lei 8.212/1991","23 - FGTS aviso prévio indenizado","1 - Normal (incidência de FGTS)","123292.37","9862.03","-","-"
"9","E00314-001-02A","04","Pessoa Jurídica tomadora de serviços prestados mediante cessão de mão de obra, exceto contratante de cooperativa, nos termos da Lei 8.212/1991","11 - FGTS mensal","1 - Normal (incidência de FGTS)","16760.44","1340.77","-","-"
"10","E02008-001-02A","04","Pessoa Jurídica tomadora de serviços prestados mediante cessão de mão de obra, exceto contratante de cooperativa, nos termos da Lei 8.212/1991","11 - FGTS mensal","1 - Normal (incidência de FGTS)","747690.76","59813.16","-","-"
"10","E02008-001-02A","04","Pessoa Jurídica tomadora de serviços prestados mediante cessão de mão de obra, exceto contratante de cooperativa, nos termos da Lei 8.212/1991","12 - FGTS 13° salário","1 - Normal (incidência de FGTS)","356.70","28.53","-","-"
"11","E00219-001-02A","04","Pessoa Jurídica tomadora de serviços prestados mediante cessão de mão de obra, exceto contratante de cooperativa, nos termos da Lei 8.212/1991","11 - FGTS mensal","1 - Normal (incidência de FGTS)","929522.08","74360.50","-","-"
"11","E00219-001-02A","04","Pessoa Jurídica tomadora de serviços prestados mediante cessão de mão de obra, exceto contratante de cooperativa, nos termos da Lei 8.212/1991","12 - FGTS 13° salário","1 - Normal (incidência de FGTS)","566.89","45.35","-","-"
"11","E00219-001-02A","04","Pessoa Jurídica tomadora de serviços prestados mediante cessão de mão de obra, exceto contratante de cooperativa, nos termos da Lei 8.212/1991","21 - FGTS mês da rescisão","1 - Normal (incidência de FGTS)","1821.83","145.73","-","-"
"11","E00219-001-02A","04","Pessoa Jurídica tomadora de serviços prestados mediante cessão de mão de obra, exceto contratante de cooperativa, nos termos da Lei 8.212/1991","23 - FGTS aviso prévio indenizado","1 - Normal (incidência de FGTS)","2938.65","235.08","-","-"
"12","E00360-001-02A","04","Pessoa Jurídica tomadora de serviços prestados mediante cessão de mão de obra, exceto contratante de cooperativa, nos termos da Lei 8.212/1991","11 - FGTS mensal","1 - Normal (incidência de FGTS)","117913.81","9433.05","-","-"
"12","E00360-001-02A","04","Pessoa Jurídica tomadora de serviços prestados mediante cessão de mão de obra, exceto contratante de cooperativa, nos termos da Lei 8.212/1991","13 - FGTS (período anterior) mensal","1 - Normal (incidência de FGTS)","284.21","22.73","-","-"
"12","E00360-001-02A","04","Pessoa Jurídica tomadora de serviços prestados mediante cessão de mão de obra, exceto contratante de cooperativa, nos termos da Lei 8.212/1991","14 - FGTS (período anterior) 13º salário","1 - Normal (incidência de FGTS)","39.16","3.13","-","-"
"13","E00308-001-02A","04","Pessoa Jurídica tomadora de serviços prestados mediante cessão de mão de obra, exceto contratante de cooperativa, nos termos da Lei 8.212/1991","11 - FGTS mensal","1 - Normal (incidência de FGTS)","2523026.79","201839.00","-","-"
"13","E00308-001-02A","04","Pessoa Jurídica tomadora de serviços prestados mediante cessão de mão de obra, exceto contratante de cooperativa, nos termos da Lei 8.212/1991","12 - FGTS 13° salário","1 - Normal (incidência de FGTS)","1010.60","80.82","-","-"
"13","E00308-001-02A","04","Pessoa Jurídica tomadora de serviços prestados mediante cessão de mão de obra, exceto contratante de cooperativa, nos termos da Lei 8.212/1991","21 - FGTS mês da rescisão","1 - Normal (incidência de FGTS)","4828.11","386.21","-","-"
"13","E00308-001-02A","04","Pessoa Jurídica tomadora de serviços prestados mediante cessão de mão de obra, exceto contratante de cooperativa, nos termos da Lei 8.212/1991","23 - FGTS aviso prévio indenizado","1 - Normal (incidência de FGTS)","6964.08","557.09","-","-"
"13","E00308-001-02A","04","Pessoa Jurídica tomadora de serviços prestados mediante cessão de mão de obra, exceto contratante de cooperativa, nos termos da Lei 8.212/1991","22 - FGTS 13° salário rescisório","1 - Normal (incidência de FGTS)","724.37","57.93","-","-"
"14","E00263-001-02A","04","Pessoa Jurídica tomadora de serviços prestados mediante cessão de mão de obra, exceto contratante de cooperativa, nos termos da Lei 8.212/1991","11 - FGTS mensal","1 - Normal (incidência de FGTS)","1038422.41","83071.12","-","-"
"14","E00263-001-02A","04","Pessoa Jurídica tomadora de serviços prestados mediante cessão de mão de obra, exceto contratante de cooperativa, nos termos da Lei 8.212/1991","12 - FGTS 13° salário","1 - Normal (incidência de FGTS)","332.46","26.57","-","-"
"14","E00263-001-02A","04","Pessoa Jurídica tomadora de serviços prestados mediante cessão de mão de obra, exceto contratante de cooperativa, nos termos da Lei 8.212/1991","21 - FGTS mês da rescisão","1 - Normal (incidência de FGTS)","8942.23","715.33","-","-"
"14","E00263-001-02A","04","Pessoa Jurídica tomadora de serviços prestados mediante cessão de mão de obra, exceto contratante de cooperativa, nos termos da Lei 8.212/1991","13 - FGTS (período anterior) mensal","1 - Normal (incidência de FGTS)","1612.18","128.97","-","-"
"14","E00263-001-02A","04","Pessoa Jurídica tomadora de serviços prestados mediante cessão de mão de obra, exceto contratante de cooperativa, nos termos da Lei 8.212/1991","23 - FGTS aviso prévio indenizado","1 - Normal (incidência de FGTS)","3638.54","291.05","-","-"
"14","E00263-001-02A","04","Pessoa Jurídica tomadora de serviços prestados mediante cessão de mão de obra, exceto contratante de cooperativa, nos termos da Lei 8.212/1991","22 - FGTS 13° salário rescisório","1 - Normal (incidência de FGTS)","162.30","12.98","-","-"
"15","E00235-001-02A","04","Pessoa Jurídica tomadora de serviços prestados mediante cessão de mão de obra, exceto contratante de cooperativa, nos termos da Lei 8.212/1991","11 - FGTS mensal","1 - Normal (incidência de FGTS)","294051.63","23523.98","-","-"
"15","E00235-001-02A","04","Pessoa Jurídica tomadora de serviços prestados mediante cessão de mão de obra, exceto contratante de cooperativa, nos termos da Lei 8.212/1991","21 - FGTS mês da rescisão","1 - Normal (incidência de FGTS)","248.85","19.90","-","-"
"15","E00235-001-02A","04","Pessoa Jurídica tomadora de serviços prestados mediante cessão de mão de obra, exceto contratante de cooperativa, nos termos da Lei 8.212/1991","23 - FGTS aviso prévio indenizado","1 - Normal (incidência de FGTS)","870.91","69.67","-","-"
"15","E00235-001-02A","04","Pessoa Jurídica tomadora de serviços prestados mediante cessão de mão de obra, exceto contratante de cooperativa, nos termos da Lei 8.212/1991","12 - FGTS 13° salário","1 - Normal (incidência de FGTS)","124.42","9.95","-","-"
"16","E02019-001-02A","04","Pessoa Jurídica tomadora de serviços prestados mediante cessão de mão de obra, exceto contratante de cooperativa, nos termos da Lei 8.212/1991","11 - FGTS mensal","1 - Normal (incidência de FGTS)","332687.85","26614.33","-","-"
"17","E00242-001-02A","04","Pessoa Jurídica tomadora de serviços prestados mediante cessão de mão de obra, exceto contratante de cooperativa, nos termos da Lei 8.212/1991","11 - FGTS mensal","1 - Normal (incidência de FGTS)","1577527.29","126199.90","-","-"
"17","E00242-001-02A","04","Pessoa Jurídica tomadora de serviços prestados mediante cessão de mão de obra, exceto contratante de cooperativa, nos termos da Lei 8.212/1991","21 - FGTS mês da rescisão","1 - Normal (incidência de FGTS)","2047.42","163.79","-","-"
"17","E00242-001-02A","04","Pessoa Jurídica tomadora de serviços prestados mediante cessão de mão de obra, exceto contratante de cooperativa, nos termos da Lei 8.212/1991","22 - FGTS 13° salário rescisório","1 - Normal (incidência de FGTS)","204.74","16.37","-","-"
"18","E00482-001-01A","04","Pessoa Jurídica tomadora de serviços prestados mediante cessão de mão de obra, exceto contratante de cooperativa, nos termos da Lei 8.212/1991","21 - FGTS mês da rescisão","1 - Normal (incidência de FGTS)","77240.30","6178.98","-","-"
"18","E00482-001-01A","04","Pessoa Jurídica tomadora de serviços prestados mediante cessão de mão de obra, exceto contratante de cooperativa, nos termos da Lei 8.212/1991","11 - FGTS mensal","1 - Normal (incidência de FGTS)","5418.56","433.47","-","-"
"18","E00482-001-01A","04","Pessoa Jurídica tomadora de serviços prestados mediante cessão de mão de obra, exceto contratante de cooperativa, nos termos da Lei 8.212/1991","13 - FGTS (período anterior) mensal","1 - Normal (incidência de FGTS)","2257.83","180.59","-","-"
"18","E00482-001-01A","04","Pessoa Jurídica tomadora de serviços prestados mediante cessão de mão de obra, exceto contratante de cooperativa, nos termos da Lei 8.212/1991","14 - FGTS (período anterior) 13º salário","1 - Normal (incidência de FGTS)","1247.19","99.74","-","-"
"18","E00482-001-01A","04","Pessoa Jurídica tomadora de serviços prestados mediante cessão de mão de obra, exceto contratante de cooperativa, nos termos da Lei 8.212/1991","22 - FGTS 13° salário rescisório","1 - Normal (incidência de FGTS)","3159.01","252.69","-","-"
"19","E00472-001-02A","04","Pessoa Jurídica tomadora de serviços prestados mediante cessão de mão de obra, exceto contratante de cooperativa, nos termos da Lei 8.212/1991","11 - FGTS mensal","1 - Normal (incidência de FGTS)","775965.51","62074.74","-","-"
"19","E00472-001-02A","04","Pessoa Jurídica tomadora de serviços prestados mediante cessão de mão de obra, exceto contratante de cooperativa, nos termos da Lei 8.212/1991","21 - FGTS mês da rescisão","1 - Normal (incidência de FGTS)","7138.98","571.05","-","-"
"19","E00472-001-02A","04","Pessoa Jurídica tomadora de serviços prestados mediante cessão de mão de obra, exceto contratante de cooperativa, nos termos da Lei 8.212/1991","12 - FGTS 13° salário","1 - Normal (incidência de FGTS)","561.44","44.90","-","-"
"19","E00472-001-02A","04","Pessoa Jurídica tomadora de serviços prestados mediante cessão de mão de obra, exceto contratante de cooperativa, nos termos da Lei 8.212/1991","23 - FGTS aviso prévio indenizado","1 - Normal (incidência de FGTS)","1686.94","134.95","-","-"
"19","E00472-001-02A","04","Pessoa Jurídica tomadora de serviços prestados mediante cessão de mão de obra, exceto contratante de cooperativa, nos termos da Lei 8.212/1991","22 - FGTS 13° salário rescisório","1 - Normal (incidência de FGTS)","713.66","57.07","-","-"
"20","E00438-001-02A","04","Pessoa Jurídica tomadora de serviços prestados mediante cessão de mão de obra, exceto contratante de cooperativa, nos termos da Lei 8.212/1991","11 - FGTS mensal","1 - Normal (incidência de FGTS)","350999.45","28079.14","-","-"
"20","E00438-001-02A","04","Pessoa Jurídica tomadora de serviços prestados mediante cessão de mão de obra, exceto contratante de cooperativa, nos termos da Lei 8.212/1991","21 - FGTS mês da rescisão","1 - Normal (incidência de FGTS)","1518.09","121.43","-","-"
"21","E02009-001-02A","04","Pessoa Jurídica tomadora de serviços prestados mediante cessão de mão de obra, exceto contratante de cooperativa, nos termos da Lei 8.212/1991","11 - FGTS mensal","1 - Normal (incidência de FGTS)","264303.82","21143.69","-","-"
"22","E00468-001-02A","04","Pessoa Jurídica tomadora de serviços prestados mediante cessão de mão de obra, exceto contratante de cooperativa, nos termos da Lei 8.212/1991","11 - FGTS mensal","1 - Normal (incidência de FGTS)","75240.60","6019.12","-","-"
"23","E00460-001-02A","04","Pessoa Jurídica tomadora de serviços prestados mediante cessão de mão de obra, exceto contratante de cooperativa, nos termos da Lei 8.212/1991","11 - FGTS mensal","1 - Normal (incidência de FGTS)","154649.21","12371.70","-","-"
"24","E00446-001-02A","04","Pessoa Jurídica tomadora de serviços prestados mediante cessão de mão de obra, exceto contratante de cooperativa, nos termos da Lei 8.212/1991","11 - FGTS mensal","1 - Normal (incidência de FGTS)","85439.98","6834.55","-","-"
"24","E00446-001-02A","04","Pessoa Jurídica tomadora de serviços prestados mediante cessão de mão de obra, exceto contratante de cooperativa, nos termos da Lei 8.212/1991","21 - FGTS mês da rescisão","1 - Normal (incidência de FGTS)","548.86","43.90","-","-"
"24","E00446-001-02A","04","Pessoa Jurídica tomadora de serviços prestados mediante cessão de mão de obra, exceto contratante de cooperativa, nos termos da Lei 8.212/1991","22 - FGTS 13° salário rescisório","1 - Normal (incidência de FGTS)","91.48","7.31","-","-"
"25","E00250-001-02A","04","Pessoa Jurídica tomadora de serviços prestados mediante cessão de mão de obra, exceto contratante de cooperativa, nos termos da Lei 8.212/1991","11 - FGTS mensal","1 - Normal (incidência de FGTS)","3559.89","284.79","-","-"
"26","E00425-001-02A","04","Pessoa Jurídica tomadora de serviços prestados mediante cessão de mão de obra, exceto contratante de cooperativa, nos termos da Lei 8.212/1991","11 - FGTS mensal","1 - Normal (incidência de FGTS)","87141.44","6971.15","-","-"
"26","E00425-001-02A","04","Pessoa Jurídica tomadora de serviços prestados mediante cessão de mão de obra, exceto contratante de cooperativa, nos termos da Lei 8.212/1991","13 - FGTS (período anterior) mensal","1 - Normal (incidência de FGTS)","177.17","14.17","-","-"
"26","E00425-001-02A","04","Pessoa Jurídica tomadora de serviços prestados mediante cessão de mão de obra, exceto contratante de cooperativa, nos termos da Lei 8.212/1991","21 - FGTS mês da rescisão","1 - Normal (incidência de FGTS)","711.72","56.93","-","-"
"26","E00425-001-02A","04","Pessoa Jurídica tomadora de serviços prestados mediante cessão de mão de obra, exceto contratante de cooperativa, nos termos da Lei 8.212/1991","23 - FGTS aviso prévio indenizado","1 - Normal (incidência de FGTS)","582.32","46.58","-","-"
"27","E02023-001-02A","04","Pessoa Jurídica tomadora de serviços prestados mediante cessão de mão de obra, exceto contratante de cooperativa, nos termos da Lei 8.212/1991","11 - FGTS mensal","1 - Normal (incidência de FGTS)","374352.69","29948.03","-","-"
"28","E00299-001-02A","04","Pessoa Jurídica tomadora de serviços prestados mediante cessão de mão de obra, exceto contratante de cooperativa, nos termos da Lei 8.212/1991","21 - FGTS mês da rescisão","1 - Normal (incidência de FGTS)","13411.45","1072.81","-","-"
"28","E00299-001-02A","04","Pessoa Jurídica tomadora de serviços prestados mediante cessão de mão de obra, exceto contratante de cooperativa, nos termos da Lei 8.212/1991","23 - FGTS aviso prévio indenizado","1 - Normal (incidência de FGTS)","14774.84","1181.84","-","-"
"28","E00299-001-02A","04","Pessoa Jurídica tomadora de serviços prestados mediante cessão de mão de obra, exceto contratante de cooperativa, nos termos da Lei 8.212/1991","11 - FGTS mensal","1 - Normal (incidência de FGTS)","2334.96","186.79","-","-"
"28","E00299-001-02A","04","Pessoa Jurídica tomadora de serviços prestados mediante cessão de mão de obra, exceto contratante de cooperativa, nos termos da Lei 8.212/1991","22 - FGTS 13° salário rescisório","1 - Normal (incidência de FGTS)","277.23","22.17","-","-"
"29","E00252-001-02A","04","Pessoa Jurídica tomadora de serviços prestados mediante cessão de mão de obra, exceto contratante de cooperativa, nos termos da Lei 8.212/1991","11 - FGTS mensal","1 - Normal (incidência de FGTS)","124240.94","9939.03","-","-"
"29","E00252-001-02A","04","Pessoa Jurídica tomadora de serviços prestados mediante cessão de mão de obra, exceto contratante de cooperativa, nos termos da Lei 8.212/1991","21 - FGTS mês da rescisão","1 - Normal (incidência de FGTS)","108.50","8.68","-","-"
"29","E00252-001-02A","04","Pessoa Jurídica tomadora de serviços prestados mediante cessão de mão de obra, exceto contratante de cooperativa, nos termos da Lei 8.212/1991","23 - FGTS aviso prévio indenizado","1 - Normal (incidência de FGTS)","949.37","75.94","-","-"
"29","E00252-001-02A","04","Pessoa Jurídica tomadora de serviços prestados mediante cessão de mão de obra, exceto contratante de cooperativa, nos termos da Lei 8.212/1991","12 - FGTS 13° salário","1 - Normal (incidência de FGTS)","203.51","16.28","-","-"
"30","E02006-001-02A","04","Pessoa Jurídica tomadora de serviços prestados mediante cessão de mão de obra, exceto contratante de cooperativa, nos termos da Lei 8.212/1991","11 - FGTS mensal","1 - Normal (incidência de FGTS)","253178.30","20253.84","-","-"
"31","E00449-001-02A","04","Pessoa Jurídica tomadora de serviços prestados mediante cessão de mão de obra, exceto contratante de cooperativa, nos termos da Lei 8.212/1991","11 - FGTS mensal","1 - Normal (incidência de FGTS)","126306.10","10104.21","-","-"
"31","E00449-001-02A","04","Pessoa Jurídica tomadora de serviços prestados mediante cessão de mão de obra, exceto contratante de cooperativa, nos termos da Lei 8.212/1991","12 - FGTS 13° salário","1 - Normal (incidência de FGTS)","152.91","12.23","-","-"
"31","E00449-001-02A","04","Pessoa Jurídica tomadora de serviços prestados mediante cessão de mão de obra, exceto contratante de cooperativa, nos termos da Lei 8.212/1991","21 - FGTS mês da rescisão","1 - Normal (incidência de FGTS)","140.39","11.23","-","-"
"32","E00329-001-02A","04","Pessoa Jurídica tomadora de serviços prestados mediante cessão de mão de obra, exceto contratante de cooperativa, nos termos da Lei 8.212/1991","11 - FGTS mensal","1 - Normal (incidência de FGTS)","67846.37","5427.67","-","-"
"33","E00354-001-02A","04","Pessoa Jurídica tomadora de serviços prestados mediante cessão de mão de obra, exceto contratante de cooperativa, nos termos da Lei 8.212/1991","11 - FGTS mensal","1 - Normal (incidência de FGTS)","156790.43","12543.10","-","-"
"33","E00354-001-02A","04","Pessoa Jurídica tomadora de serviços prestados mediante cessão de mão de obra, exceto contratante de cooperativa, nos termos da Lei 8.212/1991","21 - FGTS mês da rescisão","1 - Normal (incidência de FGTS)","938.38","75.07","-","-"
"33","E00354-001-02A","04","Pessoa Jurídica tomadora de serviços prestados mediante cessão de mão de obra, exceto contratante de cooperativa, nos termos da Lei 8.212/1991","23 - FGTS aviso prévio indenizado","1 - Normal (incidência de FGTS)","750.70","60.05","-","-"
"33","E00354-001-02A","04","Pessoa Jurídica tomadora de serviços prestados mediante cessão de mão de obra, exceto contratante de cooperativa, nos termos da Lei 8.212/1991","22 - FGTS 13° salário rescisório","1 - Normal (incidência de FGTS)","156.40","12.51","-","-"
"33","E00354-001-02A","04","Pessoa Jurídica tomadora de serviços prestados mediante cessão de mão de obra, exceto contratante de cooperativa, nos termos da Lei 8.212/1991","12 - FGTS 13° salário","1 - Normal (incidência de FGTS)","223.25","17.86","-","-"
"34","E00330-001-02A","04","Pessoa Jurídica tomadora de serviços prestados mediante cessão de mão de obra, exceto contratante de cooperativa, nos termos da Lei 8.212/1991","11 - FGTS mensal","1 - Normal (incidência de FGTS)","301894.43","24151.02","-","-"
"34","E00330-001-02A","04","Pessoa Jurídica tomadora de serviços prestados mediante cessão de mão de obra, exceto contratante de cooperativa, nos termos da Lei 8.212/1991","12 - FGTS 13° salário","1 - Normal (incidência de FGTS)","143.36","11.46","-","-"
"34","E00330-001-02A","04","Pessoa Jurídica tomadora de serviços prestados mediante cessão de mão de obra, exceto contratante de cooperativa, nos termos da Lei 8.212/1991","21 - FGTS mês da rescisão","1 - Normal (incidência de FGTS)","856.96","68.55","-","-"
"34","E00330-001-02A","04","Pessoa Jurídica tomadora de serviços prestados mediante cessão de mão de obra, exceto contratante de cooperativa, nos termos da Lei 8.212/1991","23 - FGTS aviso prévio indenizado","1 - Normal (incidência de FGTS)","458.49","36.67","-","-"
"34","E00330-001-02A","04","Pessoa Jurídica tomadora de serviços prestados mediante cessão de mão de obra, exceto contratante de cooperativa, nos termos da Lei 8.212/1991","22 - FGTS 13° salário rescisório","1 - Normal (incidência de FGTS)","191.04","15.28","-","-"
"35","E00266-001-02A","04","Pessoa Jurídica tomadora de serviços prestados mediante cessão de mão de obra, exceto contratante de cooperativa, nos termos da Lei 8.212/1991","11 - FGTS mensal","1 - Normal (incidência de FGTS)","68721.09","5497.56","-","-"
"36","E00341-001-02A","04","Pessoa Jurídica tomadora de serviços prestados mediante cessão de mão de obra, exceto contratante de cooperativa, nos termos da Lei 8.212/1991","11 - FGTS mensal","1 - Normal (incidência de FGTS)","872313.97","69783.06","-","-"
"36","E00341-001-02A","04","Pessoa Jurídica tomadora de serviços prestados mediante cessão de mão de obra, exceto contratante de cooperativa, nos termos da Lei 8.212/1991","21 - FGTS mês da rescisão","1 - Normal (incidência de FGTS)","62675.47","5013.91","-","-"
"36","E00341-001-02A","04","Pessoa Jurídica tomadora de serviços prestados mediante cessão de mão de obra, exceto contratante de cooperativa, nos termos da Lei 8.212/1991","22 - FGTS 13° salário rescisório","1 - Normal (incidência de FGTS)","5302.17","424.07","-","-"
"36","E00341-001-02A","04","Pessoa Jurídica tomadora de serviços prestados mediante cessão de mão de obra, exceto contratante de cooperativa, nos termos da Lei 8.212/1991","23 - FGTS aviso prévio indenizado","1 - Normal (incidência de FGTS)","1259.20","100.73","-","-"
"36","E00341-001-02A","04","Pessoa Jurídica tomadora de serviços prestados mediante cessão de mão de obra, exceto contratante de cooperativa, nos termos da Lei 8.212/1991","12 - FGTS 13° salário","1 - Normal (incidência de FGTS)","157.40","12.59","-","-"
"37","E00431-001-02A","04","Pessoa Jurídica tomadora de serviços prestados mediante cessão de mão de obra, exceto contratante de cooperativa, nos termos da Lei 8.212/1991","11 - FGTS mensal","1 - Normal (incidência de FGTS)","209960.95","16796.49","-","-"
"37","E00431-001-02A","04","Pessoa Jurídica tomadora de serviços prestados mediante cessão de mão de obra, exceto contratante de cooperativa, nos termos da Lei 8.212/1991","21 - FGTS mês da rescisão","1 - Normal (incidência de FGTS)","1164.63","93.16","-","-"
"37","E00431-001-02A","04","Pessoa Jurídica tomadora de serviços prestados mediante cessão de mão de obra, exceto contratante de cooperativa, nos termos da Lei 8.212/1991","23 - FGTS aviso prévio indenizado","1 - Normal (incidência de FGTS)","776.42","62.10","-","-"
"38","E00420-001-02A","04","Pessoa Jurídica tomadora de serviços prestados mediante cessão de mão de obra, exceto contratante de cooperativa, nos termos da Lei 8.212/1991","11 - FGTS mensal","1 - Normal (incidência de FGTS)","7677.90","614.22","-","-"
"39","E00403-001-02A","04","Pessoa Jurídica tomadora de serviços prestados mediante cessão de mão de obra, exceto contratante de cooperativa, nos termos da Lei 8.212/1991","11 - FGTS mensal","1 - Normal (incidência de FGTS)","549195.39","43934.77","-","-"
"39","E00403-001-02A","04","Pessoa Jurídica tomadora de serviços prestados mediante cessão de mão de obra, exceto contratante de cooperativa, nos termos da Lei 8.212/1991","21 - FGTS mês da rescisão","1 - Normal (incidência de FGTS)","2588.08","207.03","-","-"
"39","E00403-001-02A","04","Pessoa Jurídica tomadora de serviços prestados mediante cessão de mão de obra, exceto contratante de cooperativa, nos termos da Lei 8.212/1991","22 - FGTS 13° salário rescisório","1 - Normal (incidência de FGTS)","323.52","25.88","-","-"
"39","E00403-001-02A","04","Pessoa Jurídica tomadora de serviços prestados mediante cessão de mão de obra, exceto contratante de cooperativa, nos termos da Lei 8.212/1991","23 - FGTS aviso prévio indenizado","1 - Normal (incidência de FGTS)","388.21","31.05","-","-"
"40","E00433-001-02A","04","Pessoa Jurídica tomadora de serviços prestados mediante cessão de mão de obra, exceto contratante de cooperativa, nos termos da Lei 8.212/1991","11 - FGTS mensal","1 - Normal (incidência de FGTS)","11981.53","958.50","-","-"
"40","E00433-001-02A","04","Pessoa Jurídica tomadora de serviços prestados mediante cessão de mão de obra, exceto contratante de cooperativa, nos termos da Lei 8.212/1991","21 - FGTS mês da rescisão","1 - Normal (incidência de FGTS)","776.42","62.11","-","-"
"40","E00433-001-02A","04","Pessoa Jurídica tomadora de serviços prestados mediante cessão de mão de obra, exceto contratante de cooperativa, nos termos da Lei 8.212/1991","23 - FGTS aviso prévio indenizado","1 - Normal (incidência de FGTS)","194.10","15.52","-","-"
"41","E00498-001-02A","04","Pessoa Jurídica tomadora de serviços prestados mediante cessão de mão de obra, exceto contratante de cooperativa, nos termos da Lei 8.212/1991","11 - FGTS mensal","1 - Normal (incidência de FGTS)","146292.08","11702.88","-","-"
"41","E00498-001-02A","04","Pessoa Jurídica tomadora de serviços prestados mediante cessão de mão de obra, exceto contratante de cooperativa, nos termos da Lei 8.212/1991","21 - FGTS mês da rescisão","1 - Normal (incidência de FGTS)","12632.80","1010.59","-","-"
"41","E00498-001-02A","04","Pessoa Jurídica tomadora de serviços prestados mediante cessão de mão de obra, exceto contratante de cooperativa, nos termos da Lei 8.212/1991","22 - FGTS 13° salário rescisório","1 - Normal (incidência de FGTS)","1894.67","151.51","-","-"
"41","E00498-001-02A","04","Pessoa Jurídica tomadora de serviços prestados mediante cessão de mão de obra, exceto contratante de cooperativa, nos termos da Lei 8.212/1991","23 - FGTS aviso prévio indenizado","1 - Normal (incidência de FGTS)","261.67","20.93","-","-"
"42","E00339-001-02A","04","Pessoa Jurídica tomadora de serviços prestados mediante cessão de mão de obra, exceto contratante de cooperativa, nos termos da Lei 8.212/1991","11 - FGTS mensal","1 - Normal (incidência de FGTS)","404026.27","32321.51","-","-"
"42","E00339-001-02A","04","Pessoa Jurídica tomadora de serviços prestados mediante cessão de mão de obra, exceto contratante de cooperativa, nos termos da Lei 8.212/1991","21 - FGTS mês da rescisão","1 - Normal (incidência de FGTS)","2844.00","227.52","-","-"
"42","E00339-001-02A","04","Pessoa Jurídica tomadora de serviços prestados mediante cessão de mão de obra, exceto contratante de cooperativa, nos termos da Lei 8.212/1991","23 - FGTS aviso prévio indenizado","1 - Normal (incidência de FGTS)","284.40","22.74","-","-"
"42","E00339-001-02A","04","Pessoa Jurídica tomadora de serviços prestados mediante cessão de mão de obra, exceto contratante de cooperativa, nos termos da Lei 8.212/1991","22 - FGTS 13° salário rescisório","1 - Normal (incidência de FGTS)","237.00","18.96","-","-"
"43","E00312-001-02A","04","Pessoa Jurídica tomadora de serviços prestados mediante cessão de mão de obra, exceto contratante de cooperativa, nos termos da Lei 8.212/1991","11 - FGTS mensal","1 - Normal (incidência de FGTS)","58453.63","4676.27","-","-"
"44","E00469-001-02A","04","Pessoa Jurídica tomadora de serviços prestados mediante cessão de mão de obra, exceto contratante de cooperativa, nos termos da Lei 8.212/1991","11 - FGTS mensal","1 - Normal (incidência de FGTS)","122177.41","9774.15","-","-"
"45","E00429-001-02A","04","Pessoa Jurídica tomadora de serviços prestados mediante cessão de mão de obra, exceto contratante de cooperativa, nos termos da Lei 8.212/1991","11 - FGTS mensal","1 - Normal (incidência de FGTS)","23921.66","1913.70","-","-"
"46","E00411-001-02A","04","Pessoa Jurídica tomadora de serviços prestados mediante cessão de mão de obra, exceto contratante de cooperativa, nos termos da Lei 8.212/1991","11 - FGTS mensal","1 - Normal (incidência de FGTS)","192114.80","15368.92","-","-"
"46","E00411-001-02A","04","Pessoa Jurídica tomadora de serviços prestados mediante cessão de mão de obra, exceto contratante de cooperativa, nos termos da Lei 8.212/1991","13 - FGTS (período anterior) mensal","1 - Normal (incidência de FGTS)","479.75","38.38","-","-"
"46","E00411-001-02A","04","Pessoa Jurídica tomadora de serviços prestados mediante cessão de mão de obra, exceto contratante de cooperativa, nos termos da Lei 8.212/1991","21 - FGTS mês da rescisão","1 - Normal (incidência de FGTS)","647.02","51.76","-","-"
"46","E00411-001-02A","04","Pessoa Jurídica tomadora de serviços prestados mediante cessão de mão de obra, exceto contratante de cooperativa, nos termos da Lei 8.212/1991","23 - FGTS aviso prévio indenizado","1 - Normal (incidência de FGTS)","194.10","15.52","-","-"
"47","E00427-001-02A","04","Pessoa Jurídica tomadora de serviços prestados mediante cessão de mão de obra, exceto contratante de cooperativa, nos termos da Lei 8.212/1991","11 - FGTS mensal","1 - Normal (incidência de FGTS)","33744.78","2699.53","-","-"
"48","E00421-001-02A","04","Pessoa Jurídica tomadora de serviços prestados mediante cessão de mão de obra, exceto contratante de cooperativa, nos termos da Lei 8.212/1991","11 - FGTS mensal","1 - Normal (incidência de FGTS)","27351.96","2188.10","-","-"
"48","E00421-001-02A","04","Pessoa Jurídica tomadora de serviços prestados mediante cessão de mão de obra, exceto contratante de cooperativa, nos termos da Lei 8.212/1991","13 - FGTS (período anterior) mensal","1 - Normal (incidência de FGTS)","1189.25","95.13","-","-"
"48","E00421-001-02A","04","Pessoa Jurídica tomadora de serviços prestados mediante cessão de mão de obra, exceto contratante de cooperativa, nos termos da Lei 8.212/1991","21 - FGTS mês da rescisão","1 - Normal (incidência de FGTS)","1164.64","93.16","-","-"
"48","E00421-001-02A","04","Pessoa Jurídica tomadora de serviços prestados mediante cessão de mão de obra, exceto contratante de cooperativa, nos termos da Lei 8.212/1991","23 - FGTS aviso prévio indenizado","1 - Normal (incidência de FGTS)","776.42","62.10","-","-"
"49","E00424-001-02A","04","Pessoa Jurídica tomadora de serviços prestados mediante cessão de mão de obra, exceto contratante de cooperativa, nos termos da Lei 8.212/1991","11 - FGTS mensal","1 - Normal (incidência de FGTS)","24891.83","1991.32","-","-"
"50","E00492-001-02A","04","Pessoa Jurídica tomadora de serviços prestados mediante cessão de mão de obra, exceto contratante de cooperativa, nos termos da Lei 8.212/1991","11 - FGTS mensal","1 - Normal (incidência de FGTS)","6494.24","519.52","-","-"
"51","E00499-001-02A","04","Pessoa Jurídica tomadora de serviços prestados mediante cessão de mão de obra, exceto contratante de cooperativa, nos termos da Lei 8.212/1991","11 - FGTS mensal","1 - Normal (incidência de FGTS)","106864.42","8548.83","-","-"
"51","E00499-001-02A","04","Pessoa Jurídica tomadora de serviços prestados mediante cessão de mão de obra, exceto contratante de cooperativa, nos termos da Lei 8.212/1991","21 - FGTS mês da rescisão","1 - Normal (incidência de FGTS)","4911.84","392.94","-","-"
"51","E00499-001-02A","04","Pessoa Jurídica tomadora de serviços prestados mediante cessão de mão de obra, exceto contratante de cooperativa, nos termos da Lei 8.212/1991","22 - FGTS 13° salário rescisório","1 - Normal (incidência de FGTS)","681.66","54.51","-","-"
"52","E00489-001-02A","04","Pessoa Jurídica tomadora de serviços prestados mediante cessão de mão de obra, exceto contratante de cooperativa, nos termos da Lei 8.212/1991","11 - FGTS mensal","1 - Normal (incidência de FGTS)","171515.29","13720.52","-","-"
"52","E00489-001-02A","04","Pessoa Jurídica tomadora de serviços prestados mediante cessão de mão de obra, exceto contratante de cooperativa, nos termos da Lei 8.212/1991","12 - FGTS 13° salário","1 - Normal (incidência de FGTS)","168.85","13.50","-","-"
"53","E02004-001-02A","04","Pessoa Jurídica tomadora de serviços prestados mediante cessão de mão de obra, exceto contratante de cooperativa, nos termos da Lei 8.212/1991","11 - FGTS mensal","1 - Normal (incidência de FGTS)","16389.38","1311.09","-","-"
"54","E00276-001-02A","04","Pessoa Jurídica tomadora de serviços prestados mediante cessão de mão de obra, exceto contratante de cooperativa, nos termos da Lei 8.212/1991","11 - FGTS mensal","1 - Normal (incidência de FGTS)","14274.01","1141.91","-","-"
"54","E00276-001-02A","04","Pessoa Jurídica tomadora de serviços prestados mediante cessão de mão de obra, exceto contratante de cooperativa, nos termos da Lei 8.212/1991","21 - FGTS mês da rescisão","1 - Normal (incidência de FGTS)","8683.80","694.68","-","-"
"54","E00276-001-02A","04","Pessoa Jurídica tomadora de serviços prestados mediante cessão de mão de obra, exceto contratante de cooperativa, nos termos da Lei 8.212/1991","23 - FGTS aviso prévio indenizado","1 - Normal (incidência de FGTS)","7104.92","568.36","-","-"
"54","E00276-001-02A","04","Pessoa Jurídica tomadora de serviços prestados mediante cessão de mão de obra, exceto contratante de cooperativa, nos termos da Lei 8.212/1991","22 - FGTS 13° salário rescisório","1 - Normal (incidência de FGTS)","986.80","78.92","-","-"
"55","E00343-001-02A","04","Pessoa Jurídica tomadora de serviços prestados mediante cessão de mão de obra, exceto contratante de cooperativa, nos termos da Lei 8.212/1991","11 - FGTS mensal","1 - Normal (incidência de FGTS)","148751.89","11899.81","-","-"
"55","E00343-001-02A","04","Pessoa Jurídica tomadora de serviços prestados mediante cessão de mão de obra, exceto contratante de cooperativa, nos termos da Lei 8.212/1991","21 - FGTS mês da rescisão","1 - Normal (incidência de FGTS)","2506.24","200.48","-","-"
"55","E00343-001-02A","04","Pessoa Jurídica tomadora de serviços prestados mediante cessão de mão de obra, exceto contratante de cooperativa, nos termos da Lei 8.212/1991","23 - FGTS aviso prévio indenizado","1 - Normal (incidência de FGTS)","4572.24","365.76","-","-"
"55","E00343-001-02A","04","Pessoa Jurídica tomadora de serviços prestados mediante cessão de mão de obra, exceto contratante de cooperativa, nos termos da Lei 8.212/1991","22 - FGTS 13° salário rescisório","1 - Normal (incidência de FGTS)","254.02","20.32","-","-"
"56","E00434-001-02A","04","Pessoa Jurídica tomadora de serviços prestados mediante cessão de mão de obra, exceto contratante de cooperativa, nos termos da Lei 8.212/1991","11 - FGTS mensal","1 - Normal (incidência de FGTS)","30436.78","2434.84","-","-"
"56","E00434-001-02A","04","Pessoa Jurídica tomadora de serviços prestados mediante cessão de mão de obra, exceto contratante de cooperativa, nos termos da Lei 8.212/1991","23 - FGTS aviso prévio indenizado","1 - Normal (incidência de FGTS)","428.04","34.24","-","-"
"57","E00303-001-02A","04","Pessoa Jurídica tomadora de serviços prestados mediante cessão de mão de obra, exceto contratante de cooperativa, nos termos da Lei 8.212/1991","11 - FGTS mensal","1 - Normal (incidência de FGTS)","36675.52","2933.96","-","-"
"58","E02011-001-02A","04","Pessoa Jurídica tomadora de serviços prestados mediante cessão de mão de obra, exceto contratante de cooperativa, nos termos da Lei 8.212/1991","11 - FGTS mensal","1 - Normal (incidência de FGTS)","4454.70","356.37","-","-"
"59","E00452-001-02A","04","Pessoa Jurídica tomadora de serviços prestados mediante cessão de mão de obra, exceto contratante de cooperativa, nos termos da Lei 8.212/1991","11 - FGTS mensal","1 - Normal (incidência de FGTS)","3659.58","292.75","-","-"
"60","E00324-001-02A","04","Pessoa Jurídica tomadora de serviços prestados mediante cessão de mão de obra, exceto contratante de cooperativa, nos termos da Lei 8.212/1991","11 - FGTS mensal","1 - Normal (incidência de FGTS)","2293.70","183.49","-","-"
"61","E00436-001-02A","04","Pessoa Jurídica tomadora de serviços prestados mediante cessão de mão de obra, exceto contratante de cooperativa, nos termos da Lei 8.212/1991","11 - FGTS mensal","1 - Normal (incidência de FGTS)","65623.61","5249.88","-","-"
"61","E00436-001-02A","04","Pessoa Jurídica tomadora de serviços prestados mediante cessão de mão de obra, exceto contratante de cooperativa, nos termos da Lei 8.212/1991","21 - FGTS mês da rescisão","1 - Normal (incidência de FGTS)","1656.45","132.51","-","-"
"61","E00436-001-02A","04","Pessoa Jurídica tomadora de serviços prestados mediante cessão de mão de obra, exceto contratante de cooperativa, nos termos da Lei 8.212/1991","23 - FGTS aviso prévio indenizado","1 - Normal (incidência de FGTS)","198.77","15.90","-","-"
"61","E00436-001-02A","04","Pessoa Jurídica tomadora de serviços prestados mediante cessão de mão de obra, exceto contratante de cooperativa, nos termos da Lei 8.212/1991","22 - FGTS 13° salário rescisório","1 - Normal (incidência de FGTS)","165.65","13.25","-","-"
"62","E00415-001-02A","04","Pessoa Jurídica tomadora de serviços prestados mediante cessão de mão de obra, exceto contratante de cooperativa, nos termos da Lei 8.212/1991","11 - FGTS mensal","1 - Normal (incidência de FGTS)","64137.52","5130.88","-","-"
"63","E00422-001-02A","04","Pessoa Jurídica tomadora de serviços prestados mediante cessão de mão de obra, exceto contratante de cooperativa, nos termos da Lei 8.212/1991","11 - FGTS mensal","1 - Normal (incidência de FGTS)","18219.89","1457.58","-","-"
"64","E00409-001-02A","04","Pessoa Jurídica tomadora de serviços prestados mediante cessão de mão de obra, exceto contratante de cooperativa, nos termos da Lei 8.212/1991","11 - FGTS mensal","1 - Normal (incidência de FGTS)","118560.71","9484.63","-","-"
"64","E00409-001-02A","04","Pessoa Jurídica tomadora de serviços prestados mediante cessão de mão de obra, exceto contratante de cooperativa, nos termos da Lei 8.212/1991","13 - FGTS (período anterior) mensal","1 - Normal (incidência de FGTS)","336.45","26.91","-","-"
"64","E00409-001-02A","04","Pessoa Jurídica tomadora de serviços prestados mediante cessão de mão de obra, exceto contratante de cooperativa, nos termos da Lei 8.212/1991","21 - FGTS mês da rescisão","1 - Normal (incidência de FGTS)","1423.44","113.86","-","-"
"64","E00409-001-02A","04","Pessoa Jurídica tomadora de serviços prestados mediante cessão de mão de obra, exceto contratante de cooperativa, nos termos da Lei 8.212/1991","23 - FGTS aviso prévio indenizado","1 - Normal (incidência de FGTS)","582.31","46.57","-","-"
"65","E00406-001-02A","04","Pessoa Jurídica tomadora de serviços prestados mediante cessão de mão de obra, exceto contratante de cooperativa, nos termos da Lei 8.212/1991","11 - FGTS mensal","1 - Normal (incidência de FGTS)","145565.55","11645.03","-","-"
"66","E00408-001-02A","04","Pessoa Jurídica tomadora de serviços prestados mediante cessão de mão de obra, exceto contratante de cooperativa, nos termos da Lei 8.212/1991","11 - FGTS mensal","1 - Normal (incidência de FGTS)","217430.14","17394.05","-","-"
"66","E00408-001-02A","04","Pessoa Jurídica tomadora de serviços prestados mediante cessão de mão de obra, exceto contratante de cooperativa, nos termos da Lei 8.212/1991","13 - FGTS (período anterior) mensal","1 - Normal (incidência de FGTS)","1006.55","80.51","-","-"
"66","E00408-001-02A","04","Pessoa Jurídica tomadora de serviços prestados mediante cessão de mão de obra, exceto contratante de cooperativa, nos termos da Lei 8.212/1991","21 - FGTS mês da rescisão","1 - Normal (incidência de FGTS)","3013.09","241.03","-","-"
"66","E00408-001-02A","04","Pessoa Jurídica tomadora de serviços prestados mediante cessão de mão de obra, exceto contratante de cooperativa, nos termos da Lei 8.212/1991","23 - FGTS aviso prévio indenizado","1 - Normal (incidência de FGTS)","1109.02","88.71","-","-"
"66","E00408-001-02A","04","Pessoa Jurídica tomadora de serviços prestados mediante cessão de mão de obra, exceto contratante de cooperativa, nos termos da Lei 8.212/1991","14 - FGTS (período anterior) 13º salário","1 - Normal (incidência de FGTS)","4.49","0.35","-","-"
"66","E00408-001-02A","04","Pessoa Jurídica tomadora de serviços prestados mediante cessão de mão de obra, exceto contratante de cooperativa, nos termos da Lei 8.212/1991","22 - FGTS 13° salário rescisório","1 - Normal (incidência de FGTS)","161.76","12.94","-","-"
"67","E00404-001-02A","04","Pessoa Jurídica tomadora de serviços prestados mediante cessão de mão de obra, exceto contratante de cooperativa, nos termos da Lei 8.212/1991","11 - FGTS mensal","1 - Normal (incidência de FGTS)","16783.72","1342.67","-","-"
"68","E00426-001-02A","04","Pessoa Jurídica tomadora de serviços prestados mediante cessão de mão de obra, exceto contratante de cooperativa, nos termos da Lei 8.212/1991","11 - FGTS mensal","1 - Normal (incidência de FGTS)","101172.42","8093.61","-","-"
"68","E00426-001-02A","04","Pessoa Jurídica tomadora de serviços prestados mediante cessão de mão de obra, exceto contratante de cooperativa, nos termos da Lei 8.212/1991","13 - FGTS (período anterior) mensal","1 - Normal (incidência de FGTS)","59.23","4.73","-","-"
"68","E00426-001-02A","04","Pessoa Jurídica tomadora de serviços prestados mediante cessão de mão de obra, exceto contratante de cooperativa, nos termos da Lei 8.212/1991","21 - FGTS mês da rescisão","1 - Normal (incidência de FGTS)","647.02","51.76","-","-"
"68","E00426-001-02A","04","Pessoa Jurídica tomadora de serviços prestados mediante cessão de mão de obra, exceto contratante de cooperativa, nos termos da Lei 8.212/1991","23 - FGTS aviso prévio indenizado","1 - Normal (incidência de FGTS)","194.10","15.52","-","-"
"69","E02001-001-02A","04","Pessoa Jurídica tomadora de serviços prestados mediante cessão de mão de obra, exceto contratante de cooperativa, nos termos da Lei 8.212/1991","11 - FGTS mensal","1 - Normal (incidência de FGTS)","11588.39","927.03","-","-"
"69","E02001-001-02A","04","Pessoa Jurídica tomadora de serviços prestados mediante cessão de mão de obra, exceto contratante de cooperativa, nos termos da Lei 8.212/1991","21 - FGTS mês da rescisão","1 - Normal (incidência de FGTS)","2483.23","198.65","-","-"
"69","E02001-001-02A","04","Pessoa Jurídica tomadora de serviços prestados mediante cessão de mão de obra, exceto contratante de cooperativa, nos termos da Lei 8.212/1991","23 - FGTS aviso prévio indenizado","1 - Normal (incidência de FGTS)","2681.69","214.53","-","-"
"69","E02001-001-02A","04","Pessoa Jurídica tomadora de serviços prestados mediante cessão de mão de obra, exceto contratante de cooperativa, nos termos da Lei 8.212/1991","22 - FGTS 13° salário rescisório","1 - Normal (incidência de FGTS)","206.94","16.55","-","-"
"70","E00001-001-02A","01","Classificação da atividade econômica exercida pela Pessoa Jurídica para fins de atribuição de código FPAS, inclusive obras de construção civil própria, exceto: a) empreitada parcial ou sub-empreitada de obra de construção civil (utilizar opção 02); b) prestação de serviços em instalações de terceiros (utilizar opções 03 a 09); c) Embarcação inscrita no Registro Especial Brasileiro - REB (utilizar opção 10)","11 - FGTS mensal","1 - Normal (incidência de FGTS)","377652.79","30211.80","-","-"
"70","E00001-001-02A","01","Classificação da atividade econômica exercida pela Pessoa Jurídica para fins de atribuição de código FPAS, inclusive obras de construção civil própria, exceto: a) empreitada parcial ou sub-empreitada de obra de construção civil (utilizar opção 02); b) prestação de serviços em instalações de terceiros (utilizar opções 03 a 09); c) Embarcação inscrita no Registro Especial Brasileiro - REB (utilizar opção 10)","12 - FGTS 13° salário","1 - Normal (incidência de FGTS)","772.09","61.75","-","-"
"70","E00001-001-02A","01","Classificação da atividade econômica exercida pela Pessoa Jurídica para fins de atribuição de código FPAS, inclusive obras de construção civil própria, exceto: a) empreitada parcial ou sub-empreitada de obra de construção civil (utilizar opção 02); b) prestação de serviços em instalações de terceiros (utilizar opções 03 a 09); c) Embarcação inscrita no Registro Especial Brasileiro - REB (utilizar opção 10)","15 - FGTS mensal - Aprendiz/Contrato Verde e Amarelo","1 - Normal (incidência de FGTS)","4469.85","89.38","-","-"
"70","E00001-001-02A","01","Classificação da atividade econômica exercida pela Pessoa Jurídica para fins de atribuição de código FPAS, inclusive obras de construção civil própria, exceto: a) empreitada parcial ou sub-empreitada de obra de construção civil (utilizar opção 02); b) prestação de serviços em instalações de terceiros (utilizar opções 03 a 09); c) Embarcação inscrita no Registro Especial Brasileiro - REB (utilizar opção 10)","21 - FGTS mês da rescisão","1 - Normal (incidência de FGTS)","1310.43","104.83","-","-"
"70","E00001-001-02A","01","Classificação da atividade econômica exercida pela Pessoa Jurídica para fins de atribuição de código FPAS, inclusive obras de construção civil própria, exceto: a) empreitada parcial ou sub-empreitada de obra de construção civil (utilizar opção 02); b) prestação de serviços em instalações de terceiros (utilizar opções 03 a 09); c) Embarcação inscrita no Registro Especial Brasileiro - REB (utilizar opção 10)","23 - FGTS aviso prévio indenizado","1 - Normal (incidência de FGTS)","2434.88","194.79","-","-"
"70","E00001-001-02A","01","Classificação da atividade econômica exercida pela Pessoa Jurídica para fins de atribuição de código FPAS, inclusive obras de construção civil própria, exceto: a) empreitada parcial ou sub-empreitada de obra de construção civil (utilizar opção 02); b) prestação de serviços em instalações de terceiros (utilizar opções 03 a 09); c) Embarcação inscrita no Registro Especial Brasileiro - REB (utilizar opção 10)","22 - FGTS 13° salário rescisório","1 - Normal (incidência de FGTS)","491.20","39.29","-","-"
"71","E02000-001-02A","04","Pessoa Jurídica tomadora de serviços prestados mediante cessão de mão de obra, exceto contratante de cooperativa, nos termos da Lei 8.212/1991","11 - FGTS mensal","1 - Normal (incidência de FGTS)","128329.41","10265.87","-","-"
"71","E02000-001-02A","04","Pessoa Jurídica tomadora de serviços prestados mediante cessão de mão de obra, exceto contratante de cooperativa, nos termos da Lei 8.212/1991","12 - FGTS 13° salário","1 - Normal (incidência de FGTS)","687.13","54.94","-","-"
"71","E02000-001-02A","04","Pessoa Jurídica tomadora de serviços prestados mediante cessão de mão de obra, exceto contratante de cooperativa, nos termos da Lei 8.212/1991","21 - FGTS mês da rescisão","1 - Normal (incidência de FGTS)","2161.51","172.90","-","-"
"71","E02000-001-02A","04","Pessoa Jurídica tomadora de serviços prestados mediante cessão de mão de obra, exceto contratante de cooperativa, nos termos da Lei 8.212/1991","22 - FGTS 13° salário rescisório","1 - Normal (incidência de FGTS)","506.55","40.50","-","-"
"72","E02016-001-02A","04","Pessoa Jurídica tomadora de serviços prestados mediante cessão de mão de obra, exceto contratante de cooperativa, nos termos da Lei 8.212/1991","11 - FGTS mensal","1 - Normal (incidência de FGTS)","15990.32","1279.21","-","-"
"72","E02016-001-02A","04","Pessoa Jurídica tomadora de serviços prestados mediante cessão de mão de obra, exceto contratante de cooperativa, nos termos da Lei 8.212/1991","21 - FGTS mês da rescisão","1 - Normal (incidência de FGTS)","1607.48","128.58","-","-"
"72","E02016-001-02A","04","Pessoa Jurídica tomadora de serviços prestados mediante cessão de mão de obra, exceto contratante de cooperativa, nos termos da Lei 8.212/1991","12 - FGTS 13° salário","1 - Normal (incidência de FGTS)","125.84","10.06","-","-"
"72","E02016-001-02A","04","Pessoa Jurídica tomadora de serviços prestados mediante cessão de mão de obra, exceto contratante de cooperativa, nos termos da Lei 8.212/1991","22 - FGTS 13° salário rescisório","1 - Normal (incidência de FGTS)","124.77","9.98","-","-"
"73","E02017-001-02A","04","Pessoa Jurídica tomadora de serviços prestados mediante cessão de mão de obra, exceto contratante de cooperativa, nos termos da Lei 8.212/1991","11 - FGTS mensal","1 - Normal (incidência de FGTS)","57559.06","4604.59","-","-"
"74","E02024-001-02A","04","Pessoa Jurídica tomadora de serviços prestados mediante cessão de mão de obra, exceto contratante de cooperativa, nos termos da Lei 8.212/1991","11 - FGTS mensal","1 - Normal (incidência de FGTS)","23679.48","1894.32","-","-"
"75","E00437-001-02A","04","Pessoa Jurídica tomadora de serviços prestados mediante cessão de mão de obra, exceto contratante de cooperativa, nos termos da Lei 8.212/1991","11 - FGTS mensal","1 - Normal (incidência de FGTS)","21320.44","1705.58","-","-"
"76","E00344-001-02A","04","Pessoa Jurídica tomadora de serviços prestados mediante cessão de mão de obra, exceto contratante de cooperativa, nos termos da Lei 8.212/1991","11 - FGTS mensal","1 - Normal (incidência de FGTS)","85991.80","6878.98","-","-"
"77","E00445-001-02A","04","Pessoa Jurídica tomadora de serviços prestados mediante cessão de mão de obra, exceto contratante de cooperativa, nos termos da Lei 8.212/1991","11 - FGTS mensal","1 - Normal (incidência de FGTS)","64575.73","5165.97","-","-"
"78","E00432-001-02A","04","Pessoa Jurídica tomadora de serviços prestados mediante cessão de mão de obra, exceto contratante de cooperativa, nos termos da Lei 8.212/1991","11 - FGTS mensal","1 - Normal (incidência de FGTS)","74313.24","5944.91","-","-"
"79","E02020-001-02A","04","Pessoa Jurídica tomadora de serviços prestados mediante cessão de mão de obra, exceto contratante de cooperativa, nos termos da Lei 8.212/1991","11 - FGTS mensal","1 - Normal (incidência de FGTS)","59499.14","4759.80","-","-"
"80","E02014-001-02A","04","Pessoa Jurídica tomadora de serviços prestados mediante cessão de mão de obra, exceto contratante de cooperativa, nos termos da Lei 8.212/1991","11 - FGTS mensal","1 - Normal (incidência de FGTS)","53384.43","4270.55","-","-"
"81","E00450-001-02A","04","Pessoa Jurídica tomadora de serviços prestados mediante cessão de mão de obra, exceto contratante de cooperativa, nos termos da Lei 8.212/1991","11 - FGTS mensal","1 - Normal (incidência de FGTS)","166822.65","13345.53","-","-"
"81","E00450-001-02A","04","Pessoa Jurídica tomadora de serviços prestados mediante cessão de mão de obra, exceto contratante de cooperativa, nos termos da Lei 8.212/1991","21 - FGTS mês da rescisão","1 - Normal (incidência de FGTS)","1746.96","139.75","-","-"
"81","E00450-001-02A","04","Pessoa Jurídica tomadora de serviços prestados mediante cessão de mão de obra, exceto contratante de cooperativa, nos termos da Lei 8.212/1991","23 - FGTS aviso prévio indenizado","1 - Normal (incidência de FGTS)","388.21","31.05","-","-"
"81","E00450-001-02A","04","Pessoa Jurídica tomadora de serviços prestados mediante cessão de mão de obra, exceto contratante de cooperativa, nos termos da Lei 8.212/1991","22 - FGTS 13° salário rescisório","1 - Normal (incidência de FGTS)","161.76","12.94","-","-"
"82","E00416-001-02A","04","Pessoa Jurídica tomadora de serviços prestados mediante cessão de mão de obra, exceto contratante de cooperativa, nos termos da Lei 8.212/1991","11 - FGTS mensal","1 - Normal (incidência de FGTS)","13235.38","1058.80","-","-"
"83","E00419-001-02A","04","Pessoa Jurídica tomadora de serviços prestados mediante cessão de mão de obra, exceto contratante de cooperativa, nos termos da Lei 8.212/1991","11 - FGTS mensal","1 - Normal (incidência de FGTS)","17496.61","1399.71","-","-"
"84","E00423-001-05A","04","Pessoa Jurídica tomadora de serviços prestados mediante cessão de mão de obra, exceto contratante de cooperativa, nos termos da Lei 8.212/1991","11 - FGTS mensal","1 - Normal (incidência de FGTS)","2321.34","185.70","-","-"
"85","E02026-001-02A","04","Pessoa Jurídica tomadora de serviços prestados mediante cessão de mão de obra, exceto contratante de cooperativa, nos termos da Lei 8.212/1991","11 - FGTS mensal","1 - Normal (incidência de FGTS)","11876.05","949.98","-","-"
"85","E02026-001-02A","04","Pessoa Jurídica tomadora de serviços prestados mediante cessão de mão de obra, exceto contratante de cooperativa, nos termos da Lei 8.212/1991","12 - FGTS 13° salário","1 - Normal (incidência de FGTS)","137.80","11.02","-","-"
"86","E00457-001-02A","04","Pessoa Jurídica tomadora de serviços prestados mediante cessão de mão de obra, exceto contratante de cooperativa, nos termos da Lei 8.212/1991","13 - FGTS (período anterior) mensal","1 - Normal (incidência de FGTS)","132.50","10.60","-","-"
"86","E00457-001-02A","04","Pessoa Jurídica tomadora de serviços prestados mediante cessão de mão de obra, exceto contratante de cooperativa, nos termos da Lei 8.212/1991","11 - FGTS mensal","1 - Normal (incidência de FGTS)","30126.35","2410.07","-","-"
"87","E00359-001-02A","04","Pessoa Jurídica tomadora de serviços prestados mediante cessão de mão de obra, exceto contratante de cooperativa, nos termos da Lei 8.212/1991","11 - FGTS mensal","1 - Normal (incidência de FGTS)","49178.33","3934.22","-","-"
"88","E00486-001-02A","04","Pessoa Jurídica tomadora de serviços prestados mediante cessão de mão de obra, exceto contratante de cooperativa, nos termos da Lei 8.212/1991","11 - FGTS mensal","1 - Normal (incidência de FGTS)","6227.04","498.14","-","-"
"88","E00486-001-02A","04","Pessoa Jurídica tomadora de serviços prestados mediante cessão de mão de obra, exceto contratante de cooperativa, nos termos da Lei 8.212/1991","12 - FGTS 13° salário","1 - Normal (incidência de FGTS)","307.73","24.61","-","-"
"89","E00278-001-05A","04","Pessoa Jurídica tomadora de serviços prestados mediante cessão de mão de obra, exceto contratante de cooperativa, nos termos da Lei 8.212/1991","11 - FGTS mensal","1 - Normal (incidência de FGTS)","10497.73","839.81","-","-"
"90","E00277-001-05A","04","Pessoa Jurídica tomadora de serviços prestados mediante cessão de mão de obra, exceto contratante de cooperativa, nos termos da Lei 8.212/1991","11 - FGTS mensal","1 - Normal (incidência de FGTS)","2471.39","197.71","-","-"
"91","E00273-001-05A","04","Pessoa Jurídica tomadora de serviços prestados mediante cessão de mão de obra, exceto contratante de cooperativa, nos termos da Lei 8.212/1991","11 - FGTS mensal","1 - Normal (incidência de FGTS)","20853.17","1668.23","-","-"
"92","E00477-001-02A","04","Pessoa Jurídica tomadora de serviços prestados mediante cessão de mão de obra, exceto contratante de cooperativa, nos termos da Lei 8.212/1991","11 - FGTS mensal","1 - Normal (incidência de FGTS)","64109.88","5128.77","-","-"
"92","E00477-001-02A","04","Pessoa Jurídica tomadora de serviços prestados mediante cessão de mão de obra, exceto contratante de cooperativa, nos termos da Lei 8.212/1991","21 - FGTS mês da rescisão","1 - Normal (incidência de FGTS)","1749.00","139.92","-","-"
"92","E00477-001-02A","04","Pessoa Jurídica tomadora de serviços prestados mediante cessão de mão de obra, exceto contratante de cooperativa, nos termos da Lei 8.212/1991","23 - FGTS aviso prévio indenizado","1 - Normal (incidência de FGTS)","3315.24","265.21","-","-"
"92","E00477-001-02A","04","Pessoa Jurídica tomadora de serviços prestados mediante cessão de mão de obra, exceto contratante de cooperativa, nos termos da Lei 8.212/1991","22 - FGTS 13° salário rescisório","1 - Normal (incidência de FGTS)","132.50","10.60","-","-"
"93","E00331-001-02A","04","Pessoa Jurídica tomadora de serviços prestados mediante cessão de mão de obra, exceto contratante de cooperativa, nos termos da Lei 8.212/1991","11 - FGTS mensal","1 - Normal (incidência de FGTS)","49380.03","3950.39","-","-"
"93","E00331-001-02A","04","Pessoa Jurídica tomadora de serviços prestados mediante cessão de mão de obra, exceto contratante de cooperativa, nos termos da Lei 8.212/1991","12 - FGTS 13° salário","1 - Normal (incidência de FGTS)","583.68","46.68","-","-"
"94","E00471-001-02A","04","Pessoa Jurídica tomadora de serviços prestados mediante cessão de mão de obra, exceto contratante de cooperativa, nos termos da Lei 8.212/1991","11 - FGTS mensal","1 - Normal (incidência de FGTS)","31237.44","2498.94","-","-"
"95","E02007-001-02A","04","Pessoa Jurídica tomadora de serviços prestados mediante cessão de mão de obra, exceto contratante de cooperativa, nos termos da Lei 8.212/1991","11 - FGTS mensal","1 - Normal (incidência de FGTS)","8898.95","711.90","-","-"
"96","E00487-001-02A","04","Pessoa Jurídica tomadora de serviços prestados mediante cessão de mão de obra, exceto contratante de cooperativa, nos termos da Lei 8.212/1991","11 - FGTS mensal","1 - Normal (incidência de FGTS)","17184.83","1374.75","-","-"
"97","E00283-001-02A","04","Pessoa Jurídica tomadora de serviços prestados mediante cessão de mão de obra, exceto contratante de cooperativa, nos termos da Lei 8.212/1991","11 - FGTS mensal","1 - Normal (incidência de FGTS)","7110.00","568.80","-","-"
"98","E02002-001-02A","04","Pessoa Jurídica tomadora de serviços prestados mediante cessão de mão de obra, exceto contratante de cooperativa, nos termos da Lei 8.212/1991","11 - FGTS mensal","1 - Normal (incidência de FGTS)","964.72","77.17","-","-"
"99","E00281-001-02A","04","Pessoa Jurídica tomadora de serviços prestados mediante cessão de mão de obra, exceto contratante de cooperativa, nos termos da Lei 8.212/1991","11 - FGTS mensal","1 - Normal (incidência de FGTS)","26627.33","2130.17","-","-"
"100","E00423-001-02A","04","Pessoa Jurídica tomadora de serviços prestados mediante cessão de mão de obra, exceto contratante de cooperativa, nos termos da Lei 8.212/1991","11 - FGTS mensal","1 - Normal (incidência de FGTS)","14666.51","1173.29","-","-"
"101","E00414-001-02A","04","Pessoa Jurídica tomadora de serviços prestados mediante cessão de mão de obra, exceto contratante de cooperativa, nos termos da Lei 8.212/1991","11 - FGTS mensal","1 - Normal (incidência de FGTS)","20544.91","1643.57","-","-"
"102","E00428-001-02A","04","Pessoa Jurídica tomadora de serviços prestados mediante cessão de mão de obra, exceto contratante de cooperativa, nos termos da Lei 8.212/1991","11 - FGTS mensal","1 - Normal (incidência de FGTS)","22052.11","1764.13","-","-"
"103","E00412-001-02A","04","Pessoa Jurídica tomadora de serviços prestados mediante cessão de mão de obra, exceto contratante de cooperativa, nos termos da Lei 8.212/1991","11 - FGTS mensal","1 - Normal (incidência de FGTS)","6145.58","491.64","-","-"
"104","E00430-001-02A","04","Pessoa Jurídica tomadora de serviços prestados mediante cessão de mão de obra, exceto contratante de cooperativa, nos termos da Lei 8.212/1991","11 - FGTS mensal","1 - Normal (incidência de FGTS)","15493.60","1239.45","-","-"
"105","E00464-001-02A","04","Pessoa Jurídica tomadora de serviços prestados mediante cessão de mão de obra, exceto contratante de cooperativa, nos termos da Lei 8.212/1991","11 - FGTS mensal","1 - Normal (incidência de FGTS)","16687.58","1335.00","-","-"
"106","E00474-001-02A","04","Pessoa Jurídica tomadora de serviços prestados mediante cessão de mão de obra, exceto contratante de cooperativa, nos termos da Lei 8.212/1991","11 - FGTS mensal","1 - Normal (incidência de FGTS)","4829.10","386.32","-","-"
"107","E00361-001-02A","04","Pessoa Jurídica tomadora de serviços prestados mediante cessão de mão de obra, exceto contratante de cooperativa, nos termos da Lei 8.212/1991","11 - FGTS mensal","1 - Normal (incidência de FGTS)","1540.00","123.20","-","-"
"108","E00475-001-02A","04","Pessoa Jurídica tomadora de serviços prestados mediante cessão de mão de obra, exceto contratante de cooperativa, nos termos da Lei 8.212/1991","11 - FGTS mensal","1 - Normal (incidência de FGTS)","4966.46","397.30","-","-"
"109","E00476-001-02A","04","Pessoa Jurídica tomadora de serviços prestados mediante cessão de mão de obra, exceto contratante de cooperativa, nos termos da Lei 8.212/1991","11 - FGTS mensal","1 - Normal (incidência de FGTS)","9452.79","756.19","-","-"
"109","E00476-001-02A","04","Pessoa Jurídica tomadora de serviços prestados mediante cessão de mão de obra, exceto contratante de cooperativa, nos termos da Lei 8.212/1991","21 - FGTS mês da rescisão","1 - Normal (incidência de FGTS)","334.12","26.72","-","-"
"109","E00476-001-02A","04","Pessoa Jurídica tomadora de serviços prestados mediante cessão de mão de obra, exceto contratante de cooperativa, nos termos da Lei 8.212/1991","23 - FGTS aviso prévio indenizado","1 - Normal (incidência de FGTS)","121.80","9.74","-","-"
"110","E00494-001-02A","04","Pessoa Jurídica tomadora de serviços prestados mediante cessão de mão de obra, exceto contratante de cooperativa, nos termos da Lei 8.212/1991","11 - FGTS mensal","1 - Normal (incidência de FGTS)","8968.22","717.43","-","-"
"111","E00001-001-04A","04","Pessoa Jurídica tomadora de serviços prestados mediante cessão de mão de obra, exceto contratante de cooperativa, nos termos da Lei 8.212/1991","11 - FGTS mensal","1 - Normal (incidência de FGTS)","12133.55","970.66","-","-"
"112","E00440-001-02A","01","Classificação da atividade econômica exercida pela Pessoa Jurídica para fins de atribuição de código FPAS, inclusive obras de construção civil própria, exceto: a) empreitada parcial ou sub-empreitada de obra de construção civil (utilizar opção 02); b) prestação de serviços em instalações de terceiros (utilizar opções 03 a 09); c) Embarcação inscrita no Registro Especial Brasileiro - REB (utilizar opção 10)","11 - FGTS mensal","1 - Normal (incidência de FGTS)","15718.15","1257.43","-","-"
"113","E02012-001-02A","04","Pessoa Jurídica tomadora de serviços prestados mediante cessão de mão de obra, exceto contratante de cooperativa, nos termos da Lei 8.212/1991","11 - FGTS mensal","1 - Normal (incidência de FGTS)","13335.44","1066.80","-","-"
"114","E00279-001-05A","04","Pessoa Jurídica tomadora de serviços prestados mediante cessão de mão de obra, exceto contratante de cooperativa, nos termos da Lei 8.212/1991","11 - FGTS mensal","1 - Normal (incidência de FGTS)","7016.59","561.32","-","-"
"115","E00323-001-02A","04","Pessoa Jurídica tomadora de serviços prestados mediante cessão de mão de obra, exceto contratante de cooperativa, nos termos da Lei 8.212/1991","11 - FGTS mensal","1 - Normal (incidência de FGTS)","7422.65","593.80","-","-"
"116","E00325-001-02A","04","Pessoa Jurídica tomadora de serviços prestados mediante cessão de mão de obra, exceto contratante de cooperativa, nos termos da Lei 8.212/1991","11 - FGTS mensal","1 - Normal (incidência de FGTS)","1786.19","142.89","-","-"
"117","E00326-001-02A","04","Pessoa Jurídica tomadora de serviços prestados mediante cessão de mão de obra, exceto contratante de cooperativa, nos termos da Lei 8.212/1991","11 - FGTS mensal","1 - Normal (incidência de FGTS)","4587.40","366.98","-","-"
"118","E00483-001-02A","04","Pessoa Jurídica tomadora de serviços prestados mediante cessão de mão de obra, exceto contratante de cooperativa, nos termos da Lei 8.212/1991","11 - FGTS mensal","1 - Normal (incidência de FGTS)","17433.75","1394.70","-","-"
"119","E00262-001-02A","04","Pessoa Jurídica tomadora de serviços prestados mediante cessão de mão de obra, exceto contratante de cooperativa, nos termos da Lei 8.212/1991","11 - FGTS mensal","1 - Normal (incidência de FGTS)","2982.03","238.56","-","-"
"120","E00480-001-02A","04","Pessoa Jurídica tomadora de serviços prestados mediante cessão de mão de obra, exceto contratante de cooperativa, nos termos da Lei 8.212/1991","11 - FGTS mensal","1 - Normal (incidência de FGTS)","6277.82","502.22","-","-"
"121","E00495-001-02A","04","Pessoa Jurídica tomadora de serviços prestados mediante cessão de mão de obra, exceto contratante de cooperativa, nos termos da Lei 8.212/1991","11 - FGTS mensal","1 - Normal (incidência de FGTS)","9375.55","750.01","-","-"
"121","E00495-001-02A","04","Pessoa Jurídica tomadora de serviços prestados mediante cessão de mão de obra, exceto contratante de cooperativa, nos termos da Lei 8.212/1991","21 - FGTS mês da rescisão","1 - Normal (incidência de FGTS)","616.50","49.32","-","-"
"121","E00495-001-02A","04","Pessoa Jurídica tomadora de serviços prestados mediante cessão de mão de obra, exceto contratante de cooperativa, nos termos da Lei 8.212/1991","23 - FGTS aviso prévio indenizado","1 - Normal (incidência de FGTS)","2037.39","162.99","-","-"
"122","E00493-001-02A","04","Pessoa Jurídica tomadora de serviços prestados mediante cessão de mão de obra, exceto contratante de cooperativa, nos termos da Lei 8.212/1991","11 - FGTS mensal","1 - Normal (incidência de FGTS)","6857.00","548.54","-","-"
"123","E00275-001-05A","04","Pessoa Jurídica tomadora de serviços prestados mediante cessão de mão de obra, exceto contratante de cooperativa, nos termos da Lei 8.212/1991","11 - FGTS mensal","1 - Normal (incidência de FGTS)","17462.73","1396.99","-","-"
"124","E00496-001-02A","04","Pessoa Jurídica tomadora de serviços prestados mediante cessão de mão de obra, exceto contratante de cooperativa, nos termos da Lei 8.212/1991","11 - FGTS mensal","1 - Normal (incidência de FGTS)","5863.84","469.09","-","-"
"124","E00496-001-02A","04","Pessoa Jurídica tomadora de serviços prestados mediante cessão de mão de obra, exceto contratante de cooperativa, nos termos da Lei 8.212/1991","21 - FGTS mês da rescisão","1 - Normal (incidência de FGTS)","3140.06","251.20","-","-"
"124","E00496-001-02A","04","Pessoa Jurídica tomadora de serviços prestados mediante cessão de mão de obra, exceto contratante de cooperativa, nos termos da Lei 8.212/1991","22 - FGTS 13° salário rescisório","1 - Normal (incidência de FGTS)","454.44","36.34","-","-"
"125","E00276-001-05A","04","Pessoa Jurídica tomadora de serviços prestados mediante cessão de mão de obra, exceto contratante de cooperativa, nos termos da Lei 8.212/1991","11 - FGTS mensal","1 - Normal (incidência de FGTS)","9832.55","786.59","-","-"
"126","E00356-001-02A","04","Pessoa Jurídica tomadora de serviços prestados mediante cessão de mão de obra, exceto contratante de cooperativa, nos termos da Lei 8.212/1991","11 - FGTS mensal","1 - Normal (incidência de FGTS)","3255.00","260.40","-","-"
"127","E00466-001-02A","04","Pessoa Jurídica tomadora de serviços prestados mediante cessão de mão de obra, exceto contratante de cooperativa, nos termos da Lei 8.212/1991","11 - FGTS mensal","1 - Normal (incidência de FGTS)","7483.03","598.62","-","-"
"127","E00466-001-02A","04","Pessoa Jurídica tomadora de serviços prestados mediante cessão de mão de obra, exceto contratante de cooperativa, nos termos da Lei 8.212/1991","21 - FGTS mês da rescisão","1 - Normal (incidência de FGTS)","1079.13","86.33","-","-"
"127","E00466-001-02A","04","Pessoa Jurídica tomadora de serviços prestados mediante cessão de mão de obra, exceto contratante de cooperativa, nos termos da Lei 8.212/1991","23 - FGTS aviso prévio indenizado","1 - Normal (incidência de FGTS)","1923.86","153.90","-","-"
"127","E00466-001-02A","04","Pessoa Jurídica tomadora de serviços prestados mediante cessão de mão de obra, exceto contratante de cooperativa, nos termos da Lei 8.212/1991","22 - FGTS 13° salário rescisório","1 - Normal (incidência de FGTS)","135.48","10.83","-","-"
"128","E02015-001-02A","04","Pessoa Jurídica tomadora de serviços prestados mediante cessão de mão de obra, exceto contratante de cooperativa, nos termos da Lei 8.212/1991","11 - FGTS mensal","1 - Normal (incidência de FGTS)","1426.80","114.14","-","-"
"129","E02005-001-02A","04","Pessoa Jurídica tomadora de serviços prestados mediante cessão de mão de obra, exceto contratante de cooperativa, nos termos da Lei 8.212/1991","11 - FGTS mensal","1 - Normal (incidência de FGTS)","4344.59","347.55","-","-"
"130","E00458-001-02A","04","Pessoa Jurídica tomadora de serviços prestados mediante cessão de mão de obra, exceto contratante de cooperativa, nos termos da Lei 8.212/1991","11 - FGTS mensal","1 - Normal (incidência de FGTS)","16912.13","1352.93","-","-"
"131","E00478-001-02A","04","Pessoa Jurídica tomadora de serviços prestados mediante cessão de mão de obra, exceto contratante de cooperativa, nos termos da Lei 8.212/1991","11 - FGTS mensal","1 - Normal (incidência de FGTS)","4649.73","371.97","-","-"
"132","E00327-001-02A","04","Pessoa Jurídica tomadora de serviços prestados mediante cessão de mão de obra, exceto contratante de cooperativa, nos termos da Lei 8.212/1991","11 - FGTS mensal","1 - Normal (incidência de FGTS)","5352.00","428.15","-","-"
"133","E00417-001-02A","04","Pessoa Jurídica tomadora de serviços prestados mediante cessão de mão de obra, exceto contratante de cooperativa, nos termos da Lei 8.212/1991","11 - FGTS mensal","1 - Normal (incidência de FGTS)","17679.62","1414.34","-","-"
"134","E02025-001-02A","04","Pessoa Jurídica tomadora de serviços prestados mediante cessão de mão de obra, exceto contratante de cooperativa, nos termos da Lei 8.212/1991","11 - FGTS mensal","1 - Normal (incidência de FGTS)","2994.50","239.56","-","-"
"135","E00405-001-02A","04","Pessoa Jurídica tomadora de serviços prestados mediante cessão de mão de obra, exceto contratante de cooperativa, nos termos da Lei 8.212/1991","11 - FGTS mensal","1 - Normal (incidência de FGTS)","8027.99","642.23","-","-"
"136","E00418-001-02A","04","Pessoa Jurídica tomadora de serviços prestados mediante cessão de mão de obra, exceto contratante de cooperativa, nos termos da Lei 8.212/1991","11 - FGTS mensal","1 - Normal (incidência de FGTS)","7145.00","571.59","-","-"
"137","E02003-001-02A","04","Pessoa Jurídica tomadora de serviços prestados mediante cessão de mão de obra, exceto contratante de cooperativa, nos termos da Lei 8.212/1991","21 - FGTS mês da rescisão","1 - Normal (incidência de FGTS)","1093.88","87.51","-","-"
"137","E02003-001-02A","04","Pessoa Jurídica tomadora de serviços prestados mediante cessão de mão de obra, exceto contratante de cooperativa, nos termos da Lei 8.212/1991","22 - FGTS 13° salário rescisório","1 - Normal (incidência de FGTS)","118.90","9.51","-","-"
"138","E00491-001-02A","04","Pessoa Jurídica tomadora de serviços prestados mediante cessão de mão de obra, exceto contratante de cooperativa, nos termos da Lei 8.212/1991","21 - FGTS mês da rescisão","1 - Normal (incidência de FGTS)","1405.82","112.46","-","-"
"138","E00491-001-02A","04","Pessoa Jurídica tomadora de serviços prestados mediante cessão de mão de obra, exceto contratante de cooperativa, nos termos da Lei 8.212/1991","23 - FGTS aviso prévio indenizado","1 - Normal (incidência de FGTS)","1861.45","148.91","-","-"
"138","E00491-001-02A","04","Pessoa Jurídica tomadora de serviços prestados mediante cessão de mão de obra, exceto contratante de cooperativa, nos termos da Lei 8.212/1991","22 - FGTS 13° salário rescisório","1 - Normal (incidência de FGTS)","130.17","10.41","-","-"
"139","E00413-001-02A","04","Pessoa Jurídica tomadora de serviços prestados mediante cessão de mão de obra, exceto contratante de cooperativa, nos termos da Lei 8.212/1991","11 - FGTS mensal","1 - Normal (incidência de FGTS)","7866.52","629.31","-","-"
"140","E00407-001-02A","04","Pessoa Jurídica tomadora de serviços prestados mediante cessão de mão de obra, exceto contratante de cooperativa, nos termos da Lei 8.212/1991","11 - FGTS mensal","1 - Normal (incidência de FGTS)","16828.65","1346.26","-","-"
"141","E00481-001-02A","04","Pessoa Jurídica tomadora de serviços prestados mediante cessão de mão de obra, exceto contratante de cooperativa, nos termos da Lei 8.212/1991","11 - FGTS mensal","1 - Normal (incidência de FGTS)","12072.75","965.80","-","-"
"142","E00465-001-02A","04","Pessoa Jurídica tomadora de serviços prestados mediante cessão de mão de obra, exceto contratante de cooperativa, nos termos da Lei 8.212/1991","11 - FGTS mensal","1 - Normal (incidência de FGTS)","6277.82","502.22","-","-"
"143","E02021-001-02A","01","Classificação da atividade econômica exercida pela Pessoa Jurídica para fins de atribuição de código FPAS, inclusive obras de construção civil própria, exceto: a) empreitada parcial ou sub-empreitada de obra de construção civil (utilizar opção 02); b) prestação de serviços em instalações de terceiros (utilizar opções 03 a 09); c) Embarcação inscrita no Registro Especial Brasileiro - REB (utilizar opção 10)","11 - FGTS mensal","1 - Normal (incidência de FGTS)","8644.97","691.57","-","-"
"144","E00357-001-02A","04","Pessoa Jurídica tomadora de serviços prestados mediante cessão de mão de obra, exceto contratante de cooperativa, nos termos da Lei 8.212/1991","11 - FGTS mensal","1 - Normal (incidência de FGTS)","3255.00","260.40","-","-"
"145","E00431-001-05A","04","Pessoa Jurídica tomadora de serviços prestados mediante cessão de mão de obra, exceto contratante de cooperativa, nos termos da Lei 8.212/1991","11 - FGTS mensal","1 - Normal (incidência de FGTS)","2081.41","166.51","-","-"
"146","E00473-001-02A","04","Pessoa Jurídica tomadora de serviços prestados mediante cessão de mão de obra, exceto contratante de cooperativa, nos termos da Lei 8.212/1991","11 - FGTS mensal","1 - Normal (incidência de FGTS)","2790.15","223.21","-","-"
"147","E02018-001-02A","01","Classificação da atividade econômica exercida pela Pessoa Jurídica para fins de atribuição de código FPAS, inclusive obras de construção civil própria, exceto: a) empreitada parcial ou sub-empreitada de obra de construção civil (utilizar opção 02); b) prestação de serviços em instalações de terceiros (utilizar opções 03 a 09); c) Embarcação inscrita no Registro Especial Brasileiro - REB (utilizar opção 10)","11 - FGTS mensal","1 - Normal (incidência de FGTS)","1547.26","123.78","-","-"
